month,Fox
2021-01,0.1855528813522021
2021-02,-0.18709830336716632
2021-03,-0.06892491552866384
2021-04,-0.6201859631302119
2021-05,0.0
2021-06,-0.602099316801603
2021-07,-0.6104426473585631
2021-11,-0.44772111907418183
2021-12,-0.3435644545870111
2022-03,0.0190861175538099
2022-04,-0.3142477111666817
2022-06,-0.0034749308322214
2022-07,-0.12310441101485564
2022-08,-0.21122599174252815
2022-10,-0.0911545431575617
2022-11,0.1210504398169022
2022-12,0.17430828562153056
